ID_unique;last_name;first_name;e-mail;password;birthday;tel_prof;tel-perso;Form_base;Title;adresse;Supérieur_hiérarchique
1;Shugg;Claire;cvasyutichev0@redcross.org;j5q2qPDD1yQ;18/01/2023;2979340307;3955937978;0;PDG;26482 School Avenue;
2;Innman;Lutero;lwalthall1@sciencedaily.com;StMkiafmwQ2;23/06/2022;2778210828;8633652378;1;Responsable Communication;7 Sutteridge Junction;Shugg
3;Thew;Cherish;clymer2@clickbank.net;q520PHmC1nE;25/02/2022;3812301852;7998184278;1;Directeur des Ressources Humaines;69525 Roth Avenue;Shugg
4;Hadrill;Erwin;ebritner3@sciencedirect.com;8jhpwv0dz8;04/04/2022;1177023354;3463006971;1;Responsable assistance;56 Arrowood Court;Shugg
5;Mathiassen;Skipp;sstrase4@mit.edu;fAlbfXjQySy7;09/05/2022;6248385589;5442605618;1;Responsable Informatique;8 Wayridge Plaza;Shugg
6;Heelis;Megan;mfaraker5@oakley.com;XMc4550BNnz;12/10/2022;3396872563;9276351520;1;Directrice financière;1 Jenna Drive;Shugg
7;Veillard;Carroll;clumb2r@a8.net;eLJQ0nUe;04/01/2023;8274680033;4711571014;2;Directrice marketing;89248 Randy Alley;Shugg
8;Seifenmacher;Hayden;hbyrde6@elegantthemes.com;3j1vGr;14/09/2022;6228229300;9671058051;2;Chargé de communication réseaux sociaux;8999 Swallow Circle;Innman
9;Ranyard;Betsey;bstancliffe7@independent.co.uk;cFRUwnMi80;11/07/2022;1901117179;4529566548;2;Chargé de publicité;58879 Golden Leaf Parkway;Innman
10;Kadwallider;Keelia;kgallimore8@timesonline.co.uk;KWYa8aZQYOH;12/05/2022;7609843826;7278935433;2;Chargé de presse;824 Springs Place;Innman
11;Wales;Lorena;lglason9@webs.com;K09Y2RqheWDn;18/11/2022;2493361561;9735642552;2;Chargé de contenue;717 Monument Park;Innman
12;Kwietak;Cosimo;cwellinga@guardian.co.uk;WOwW5YBkR;06/01/2023;8876443841;4126144708;3;Gestionnaire de communauté;4 Caliangt Drive;Seifenmacher
13;Enright;Conrad;craimbauldb@aboutads.info;MYIRawTsqw26;04/08/2022;6837603523;4307377750;3;Analyste de tendance;03 Merchant Road;Seifenmacher
14;Pagel;Krista;kgoverc@berkeley.edu;uL4Ghi2y;28/04/2022;4895709930;4222305490;3;Création de campagne publicitaire;0 Montana Trail;Ranyard
15;Digg;Domenico;dbuncomd@google.com.br;LLv0uoY;24/06/2022;8095583277;8546591178;3;Suivi de performance;300 Ilene Lane;Ranyard
16;Waddup;Pavia;pmillmoee@quantcast.com;aDdI0pwFH16T;30/07/2022;3947566475;8917818385;3;Relations publiques;4335 Mesta Place;Kadwallider
17;Cicerone;Torin;tstairsf@statcounter.com;ACrnUyJg;17/08/2022;8318758928;9701119877;3;Rédaction de communiqué de presse;065 Evergreen Way;Kadwallider
18;Morl;Claiborn;cstroobandg@wikispaces.com;juvLb9cPM;07/12/2022;2127734287;6929735407;3;Création de contenu pour les réseaux sociaux;09743 Independence Park;Wales
19;Olpin;Jocelyn;jwoodwindh@artisteer.com;lZRTyMy4rSA;08/07/2022;1608934917;3175824486;3;Création de contenu pour les réseaux sociaux;7810 Express Plaza;Wales
20;Bonifazio;Jamey;jbinfieldi@europa.eu;Dg2hrIGlHq;07/12/2022;7485106314;7324163421;2;Chargé de recrutement;66 Kropf Terrace;Thew
21;Parmer;Onfre;ogoldsonj@nsw.gov.au;3DexEU9;23/07/2022;6538923324;6296473117;2;Chargé de formation;550 Blackbird Alley;Thew
22;McLardie;Randa;rthoumassonk@usgs.gov;UScxTAeHLH3C;08/04/2022;4834029732;7117408114;2;Gestionnaire des RH;9120 Sycamore Plaza;Thew
23;Gregh;Brady;byoungmanl@google.com;yQyTXQ;30/10/2022;5842534004;9384962870;3;Sourcing de candidats;4582 Fairfield Pass;Bonifazio
24;Ousby;Georg;gmcglashanm@123-reg.co.uk;HYSPQT083Xh;13/09/2022;6766433798;7356485453;3;Présélection de candidats;10225 Loeprich Road;Bonifazio
25;Blancowe;Mikkel;mwestlaken@mac.com;OCZJqip;02/01/2023;4285969491;9211622947;3;Développement de programmes de formation;21248 Stuart Hill;Parmer
26;Legonidec;Jean;jkynastoneo@jiathis.com;9wMPnPJFSd;09/11/2022;6502517718;5603607732;3;Facilitation de formation;38703 La Follette Plaza;Parmer
27;Millington;Jenda;jmourtonp@toplist.cz;TVkH21VGmF;22/04/2022;5007528930;8775117551;3;Gestionnaire de contrats de travail;3 School Center;McLardie
28;Reisenstein;Halli;hbisterfeldq@elegantthemes.com;SeeOHZso;21/10/2022;5076796337;8308912391;3;Gestionnaire des avantages sociaux;3 Burrows Parkway;McLardie
29;Billingsly;Josee;josbourner@sbwire.com;4IxiJ2AD;24/10/2022;3984245475;2396085142;2;Chargé d'assistance téléphonique;68695 Warrior Plaza;Hadrill
30;Ferro;Katrinka;kduddens@quantcast.com;LwB3lhq;08/04/2022;5957621034;3719310703;2;Chargé d'assistance web;0 Brown Drive;Hadrill
31;Selborne;Othella;ovigrasst@hhs.gov;MJGDBQk6;16/06/2022;9766140461;2517962737;2;Assistant administratif;6540 Bowman Circle;Hadrill
32;Kaiser;Evonne;emartonu@army.mil;NfzFv6U1xB;25/07/2022;3565639430;2261797859;2;Support client;12905 Blaine Alley;Hadrill
33;de Courcy;Percival;pbrayleyv@squarespace.com;NaIDO1CB;30/05/2022;7719682844;5739527280;3;Gestion des appels entrant;29 Tomscot Lane;Billingsly
34;Tadlow;Harlin;hpiertonw@hc360.com;dgZ4ZG;05/12/2022;8577541300;4219864096;3;Résolution des problèmes;68 Valley Edge Junction;Billingsly
35;Bratton;Alvan;ahallingx@buzzfeed.com;YiCxxZ;10/09/2022;4697170715;2582776285;3;Résolution de problèmes en ligne;3263 Grim Park;Ferro
36;Siddons;Alicia;adodgsony@alibaba.com;VA9ZPG;19/04/2022;1566114797;1989693194;3;Chat en direct;12 Victoria Hill;Ferro
37;Binney;Killie;kadlamz@nature.com;5UCgh1gyr;22/07/2022;6144140432;6451530459;3;Préparation des dossiers administratif;4503 Summit Plaza;Selborne
38;Devon;Francklyn;fguiett10@cdbaby.com;Stz6ZAqAmz;29/11/2022;6204642039;6172004667;3;Suivi des dossiers;495 Russell Center;Selborne
39;Paddick;Nobe;ncastellet11@china.com.cn;g8bWVv;09/08/2022;9876662147;2644831251;3;Gestion des tickets de support;9 Mifflin Center;Kaiser
40;Brilon;Hettie;hsnedden12@chronoengine.com;boRejpCutgRD;26/01/2023;3333355237;2599150077;3;Documentation client;0 Norway Maple Point;Kaiser
41;Meggison;Mac;mmatson13@lycos.com;3vWMFtSzI;22/06/2022;3038874616;4701640658;2;Responsable de l'administration réseau;36721 Esch Plaza;Mathiassen
42;Randals;Arielle;acoppins14@issuu.com;Q1nnIE7fD;28/12/2022;4205845705;3811666456;2;Gestionnaire de base de données;22926 Lakewood Parkway;Mathiassen
43;Hanrahan;Bertram;bdoorey15@barnesandnoble.com;akOhBrg8;30/03/2022;4478497472;5698897048;2;Responsable de développement web;12 Bultman Point;Mathiassen
44;Curd;Marcello;mghest16@apple.com;fjf5XNPqYggl;03/02/2022;5703237641;9595448912;2;Analyste de données graphiques;0 Morningstar Alley;Mathiassen
45;Master;Jenilee;jmapowder17@jimdo.com;YZpbOv7q;16/05/2022;1561953758;8467012520;3;Configuration des réseaux;596 Dunning Drive;Meggison
46;Rusling;Honor;hbeardon18@ning.com;Uhz5rm5k4XUN;12/07/2022;7186878000;7456732840;3;Configuration des réseaux;24125 Coleman Court;Meggison
47;Grigoletti;Marven;mmacilwrick19@miitbeian.gov.cn;TfScxjNfA;01/05/2022;6692051306;2979610297;3;Maintenance des réseaux;8 Menomonie Park;Meggison
48;Merrall;Daisey;dcroux1a@trellian.com;dM9dHcx6oW;04/05/2022;1739026820;8235453933;3;Maintenance des réseaux;18 High Crossing Drive;Meggison
49;Wellbank;Car;cvossing1b@ucoz.ru;11QeJ9Cs9HI1;18/03/2022;2121175091;5471089161;3;Analyste de base de données;7 Lotheville Lane;Randals
50;Ebdon;Ambrosi;abaudon1c@tinyurl.com;nN8obTlw;10/11/2022;5801624315;5199292302;3;Analyste de base de données;147 Reindahl Point;Randals
51;Docharty;Hedvige;hgudd1d@unicef.org;8CU5Ub;10/05/2022;7941052683;4563339921;3;Sauvegarde de données;45 Colorado Drive;Randals
52;Stieger;Willem;wzannini1e@who.int;OCrr2VOWc;13/02/2022;2718417218;1126243155;3;Sauvegarde de données;882 Kipling Place;Randals
53;Gerckens;Emile;ekellert1f@chicagotribune.com;ZrjS6S5;28/06/2022;8202523675;1197580494;3;Développeur fullstack;52 Aberg Park;Hanrahan
54;Oldmeadow;Lori;ljendricke1g@upenn.edu;wB9wPPjVIGA;16/08/2022;3283185587;5914975776;3;Développeur fullstack;4 Mcguire Pass;Hanrahan
55;Sweetnam;Rafaello;rcottham1h@about.com;z0Dhmdar;09/04/2022;6347414802;4261244856;3;Développeur front;39567 Little Fleur Pass;Hanrahan
56;Blumsom;Fionna;fconradsen1i@over-blog.com;ITNMMz3vEeM;21/01/2023;9455405291;3009432312;3;Développeur back;15 Spaight Lane;Hanrahan
57;Rittelmeyer;Hailey;hgrosvenor1j@flickr.com;APgZQFh0c05;22/05/2022;7786382166;5071865615;3;Designer 3D;22825 Westerfield Junction;Curd
58;Redmond;Lucille;lfenny1k@csmonitor.com;FeSErbjMY;06/11/2022;3695490858;1949181938;3;Designer 3D;71 Utah Way;Curd
59;Kosiada;Wilhelmine;wsannes1l@cocolog-nifty.com;RvJfSgC;16/01/2023;9404111244;3555243337;3;Designer 2D;97038 Hauk Hill;Curd
60;Corrison;Babbie;bpingston1m@theglobeandmail.com;KoyBGclH;08/12/2022;2252998533;9049629879;3;Designer 2D;6902 Corben Crossing;Curd
61;Overstall;Lilias;lfounds1n@tmall.com;TDSgNWW;25/04/2022;5585538055;9137551085;2;Comptable;7 Brickson Park Lane;Heelis
62;Branscomb;Anastasie;alanger1o@bigcartel.com;1vMgEO6;16/02/2022;4991560751;5019395877;2;Trésorerie;96690 Golf View Point;Heelis
63;Jennaway;Adler;afaulo1p@hostgator.com;0gChU2N;14/03/2022;1372363294;5444036042;2;Analyste financier;66189 Novick Plaza;Heelis
64;Pengilley;Gusti;gneads1q@harvard.edu;pUkjErkK;04/04/2022;7398690872;3367835504;2;Contrôle de gestion;0457 Logan Circle;Heelis
65;Rene;Eartha;ekeighly1r@slashdot.org;HcHdCOg;13/11/2022;4721354228;2244629724;3;Préprateur des états financiers;0 Rockefeller Park;Overstall
66;Bretherick;Lefty;lcund1s@uiuc.edu;82ZlYJ9;07/10/2022;4883971897;7185274523;3;Gestionnaire des paiements;018 Crescent Oaks Crossing;Overstall
67;Fidele;Annetta;apeegrem1t@taobao.com;hpntUr2hukLT;14/11/2022;2591370193;7866236325;3;Gestionnaire de trésorerie;63686 Tomscot Hill;Branscomb
68;Arndt;Matthew;mmindenhall1u@si.edu;uQjcdX;28/10/2022;7351713162;7496485224;3;Gestionnaire de trésorerie;91533 Sheridan Point;Branscomb
69;Faux;Anet;acroot1v@rakuten.co.jp;EC7ZaJrZ1jLW;22/06/2022;4482118462;7959311064;3;Analyste performance financière;99 Grayhawk Road;Jennaway
70;Karlolak;Alasteir;acheek1w@networkadvertising.org;5j8Irb3MX;20/05/2022;3842838904;8552450642;3;prévisionniste budgétaire;89969 Eastlawn Terrace;Jennaway
71;Pavey;Farley;folenechan1x@whitehouse.gov;DJydRrcJP;05/11/2022;7588661024;6308898470;3;Suivie des dépenses;90 Bellgrove Trail;Pengilley
72;Gammage;Dolf;dnecrews1y@bigcartel.com;ofGWLB2zuE0Y;12/11/2022;5912575464;6099417748;3;Chargé d'évaluation des performances;77 Iowa Place;Pengilley
73;Matysik;Emmie;ecorringham1z@patch.com;KnFsM7ua;05/07/2022;2845880022;1718996097;2;Analyste marketing;7 Mifflin Street;Veillard
74;Grange;Kiele;kcollett20@webs.com;SDhgfP;06/11/2022;1227987113;5097784634;2;Chargé de produit;32009 Lyons Pass;Veillard
75;Gleeson;Alla;abroseman21@sina.com.cn;uiDKgUX7Xf;07/08/2022;7735173065;4972430085;2;Responsable du branding;912 Corben Drive;Veillard
76;Forson;Carolynn;cbudgett22@bizjournals.com;nlHLWfpU;04/09/2022;8192571210;4018791823;3;Analyste de données marketing;984 Linden Place;Matysik
77;Pughe;Geoff;gboullen23@cafepress.com;ENzDDk;19/11/2022;1173216083;3235867875;3;Analyste de segmentation du marché;7 Harbort Hill;Matysik
78;Feldmann;Keefe;ktownson24@jalbum.net;xMQvtXXpp;25/01/2023;3071582469;7316510812;3;Développement de nouveaux produits;3 Heath Street;Grange
79;Jenicek;Rudolph;rgeroldini25@usnews.com;UmJ5mrGEgA;12/03/2022;2088674609;4782036541;3;Suivi de développement produits;59433 Columbus Circle;Grange
80;Hawker;Katleen;kgilhoolie26@ask.com;eX4mGiTKl;13/12/2022;4485305380;8025164522;3;Développement de stratégie marketing;7203 Kinsman Crossing;Gleeson
81;Langshaw;Gibbie;gblaxlande27@xrea.com;AoSPSszLq3X;26/04/2022;5336502772;2566190487;3;Gestionnaire de réputaion de marque;668 Dapin Pass;Gleeson
;;;;;;;;;;;
;;;;;;;;;;;
;;;;;;;;;;;
;;;;;;;;;;;
;;;;;;;;;;;
;;;;;;;;;;;
;;;;;;;;;;;
;;;;;;;;;;;
;;;;;;;;;;;
;;;;;;;;;;;
;;;;;;;;;;;
;;;;;;;;;;;
;;;;;;;;;;;
;;;;;;;;;;;
;;;;;;;;;;;
;;;;;;;;;;;
;;;;;;;;;;;
;;;;;;;;;;;
;;;;;;;;;;;
